"time","area","value.clim"
1,"GB",9.3156328284151
1,"GOM",7.2627923698365
1,"MAB",10.9325444920419
1,"SS",7.76883675382808
